3582,0.9,28943.3,0.453952,0,24->25->150->160->151->152->142->141->134->131->113->164->127->126->125->124->121->120->122->123->162->102->103->117->118->119->129->128->130->135->138->139->140->6->7->8->9->10->76->74->75->11->12->18->19->20->21->22->23->26->27->28->29->30->31->33->34->156->40->39->38->37->49->170->73->77->1->2->0->81->80->79->82->78->72->71->60->50->51->52->53->43->55->54->58->59->61->68->67->167->70->87->85->86->83->84->69->66->65->64->56->57->62->63->88->153->154->89->90->91->94->96->97->99->98->95->92->93->166->108->107->106->105->165->163->100->101->104->114->109->110->115->116->136->137->147->148->149->161->14->13->17->32->158->36->157->41->155->42->45->44->46->47->48->168->3->4->5->133->169->111->112->132->143->144->146->145->15->159->16->35->24
3582,0.9,28905.3,0.453357,0,24->25->150->160->151->152->142->141->134->131->113->164->127->126->125->124->121->120->122->123->162->102->103->117->118->119->129->128->130->135->138->139->140->6->7->8->9->10->76->74->75->11->12->18->19->20->21->22->23->26->27->28->29->30->31->33->34->156->40->39->38->37->49->170->73->77->1->2->0->81->80->79->82->78->72->71->60->50->51->52->53->43->55->54->58->59->61->68->67->167->70->87->85->86->83->84->69->66->65->64->56->57->62->63->88->153->154->89->90->91->94->96->97->99->98->95->92->93->166->108->107->106->105->165->163->100->101->104->114->109->110->115->116->136->137->147->148->149->161->14->13->17->32->158->36->157->41->155->42->45->44->46->47->48->168->3->4->5->133->169->111->112->132->143->144->146->145->15->159->16->35->24
3582,0.9,29105.8,0.456501,0,24->25->150->160->151->152->142->141->134->131->113->164->127->126->125->124->121->120->122->123->162->102->103->117->118->119->129->128->130->135->138->139->140->6->7->8->9->10->76->74->75->11->12->18->19->20->21->22->23->26->27->28->29->30->31->33->34->156->40->39->38->37->49->170->73->77->1->2->0->81->80->79->82->78->72->71->60->50->51->52->53->43->55->54->58->59->61->68->67->167->70->87->85->86->83->84->69->66->65->64->56->57->62->63->88->153->154->89->90->91->94->96->97->99->98->95->92->93->166->108->107->106->105->165->163->100->101->104->114->109->110->115->116->136->137->147->148->149->161->14->13->17->32->158->36->157->41->155->42->45->44->46->47->48->168->3->4->5->133->169->111->112->132->143->144->146->145->15->159->16->35->24
3582,0.9,28715.7,0.450383,0,24->25->150->160->151->152->142->141->134->131->113->164->127->126->125->124->121->120->122->123->162->102->103->117->118->119->129->128->130->135->138->139->140->6->7->8->9->10->76->74->75->11->12->18->19->20->21->22->23->26->27->28->29->30->31->33->34->156->40->39->38->37->49->170->73->77->1->2->0->81->80->79->82->78->72->71->60->50->51->52->53->43->55->54->58->59->61->68->67->167->70->87->85->86->83->84->69->66->65->64->56->57->62->63->88->153->154->89->90->91->94->96->97->99->98->95->92->93->166->108->107->106->105->165->163->100->101->104->114->109->110->115->116->136->137->147->148->149->161->14->13->17->32->158->36->157->41->155->42->45->44->46->47->48->168->3->4->5->133->169->111->112->132->143->144->146->145->15->159->16->35->24
3582,0.9,28862.4,0.452684,0,24->25->150->160->151->152->142->141->134->131->113->164->127->126->125->124->121->120->122->123->162->102->103->117->118->119->129->128->130->135->138->139->140->6->7->8->9->10->76->74->75->11->12->18->19->20->21->22->23->26->27->28->29->30->31->33->34->156->40->39->38->37->49->170->73->77->1->2->0->81->80->79->82->78->72->71->60->50->51->52->53->43->55->54->58->59->61->68->67->167->70->87->85->86->83->84->69->66->65->64->56->57->62->63->88->153->154->89->90->91->94->96->97->99->98->95->92->93->166->108->107->106->105->165->163->100->101->104->114->109->110->115->116->136->137->147->148->149->161->14->13->17->32->158->36->157->41->155->42->45->44->46->47->48->168->3->4->5->133->169->111->112->132->143->144->146->145->15->159->16->35->24
3582,0.9,29004.3,0.454909,0,24->25->150->160->151->152->142->141->134->131->113->164->127->126->125->124->121->120->122->123->162->102->103->117->118->119->129->128->130->135->138->139->140->6->7->8->9->10->76->74->75->11->12->18->19->20->21->22->23->26->27->28->29->30->31->33->34->156->40->39->38->37->49->170->73->77->1->2->0->81->80->79->82->78->72->71->60->50->51->52->53->43->55->54->58->59->61->68->67->167->70->87->85->86->83->84->69->66->65->64->56->57->62->63->88->153->154->89->90->91->94->96->97->99->98->95->92->93->166->108->107->106->105->165->163->100->101->104->114->109->110->115->116->136->137->147->148->149->161->14->13->17->32->158->36->157->41->155->42->45->44->46->47->48->168->3->4->5->133->169->111->112->132->143->144->146->145->15->159->16->35->24
3582,0.9,28580.6,0.49807,0,24->25->150->160->151->152->142->141->134->131->113->164->127->126->125->124->121->120->122->123->162->102->103->117->118->119->129->128->130->135->138->139->140->6->7->8->9->10->76->74->75->11->12->18->19->20->21->22->23->26->27->28->29->30->31->33->34->156->40->39->38->37->49->170->73->77->1->2->0->81->80->79->82->78->72->71->60->50->51->52->53->43->55->54->58->59->61->68->67->167->70->87->85->86->83->84->69->66->65->64->56->57->62->63->88->153->154->89->90->91->94->96->97->99->98->95->92->93->166->108->107->106->105->165->163->100->101->104->114->109->110->115->116->136->137->147->148->149->161->14->13->17->32->158->36->157->41->155->42->45->44->46->47->48->168->3->4->5->133->169->111->112->132->143->144->146->145->15->159->16->35->24
3582,0.9,28977.2,0.454484,0,24->25->150->160->151->152->142->141->134->131->113->164->127->126->125->124->121->120->122->123->162->102->103->117->118->119->129->128->130->135->138->139->140->6->7->8->9->10->76->74->75->11->12->18->19->20->21->22->23->26->27->28->29->30->31->33->34->156->40->39->38->37->49->170->73->77->1->2->0->81->80->79->82->78->72->71->60->50->51->52->53->43->55->54->58->59->61->68->67->167->70->87->85->86->83->84->69->66->65->64->56->57->62->63->88->153->154->89->90->91->94->96->97->99->98->95->92->93->166->108->107->106->105->165->163->100->101->104->114->109->110->115->116->136->137->147->148->149->161->14->13->17->32->158->36->157->41->155->42->45->44->46->47->48->168->3->4->5->133->169->111->112->132->143->144->146->145->15->159->16->35->24
3582,0.9,28921.3,0.453607,0,24->25->150->160->151->152->142->141->134->131->113->164->127->126->125->124->121->120->122->123->162->102->103->117->118->119->129->128->130->135->138->139->140->6->7->8->9->10->76->74->75->11->12->18->19->20->21->22->23->26->27->28->29->30->31->33->34->156->40->39->38->37->49->170->73->77->1->2->0->81->80->79->82->78->72->71->60->50->51->52->53->43->55->54->58->59->61->68->67->167->70->87->85->86->83->84->69->66->65->64->56->57->62->63->88->153->154->89->90->91->94->96->97->99->98->95->92->93->166->108->107->106->105->165->163->100->101->104->114->109->110->115->116->136->137->147->148->149->161->14->13->17->32->158->36->157->41->155->42->45->44->46->47->48->168->3->4->5->133->169->111->112->132->143->144->146->145->15->159->16->35->24
3582,0.9,29115.6,0.456655,0,24->25->150->160->151->152->142->141->134->131->113->164->127->126->125->124->121->120->122->123->162->102->103->117->118->119->129->128->130->135->138->139->140->6->7->8->9->10->76->74->75->11->12->18->19->20->21->22->23->26->27->28->29->30->31->33->34->156->40->39->38->37->49->170->73->77->1->2->0->81->80->79->82->78->72->71->60->50->51->52->53->43->55->54->58->59->61->68->67->167->70->87->85->86->83->84->69->66->65->64->56->57->62->63->88->153->154->89->90->91->94->96->97->99->98->95->92->93->166->108->107->106->105->165->163->100->101->104->114->109->110->115->116->136->137->147->148->149->161->14->13->17->32->158->36->157->41->155->42->45->44->46->47->48->168->3->4->5->133->169->111->112->132->143->144->146->145->15->159->16->35->24
3582,0.98,29046.1,0.499863,0,24->25->150->160->151->152->142->141->134->131->113->164->127->126->125->124->121->120->122->123->162->102->103->117->118->119->129->128->130->135->138->139->140->6->7->8->9->10->76->74->75->11->12->18->19->20->21->22->23->26->27->28->29->30->31->33->34->156->40->39->38->37->49->170->73->77->1->2->0->81->80->79->82->78->72->71->60->50->51->52->53->43->55->54->58->59->61->68->67->167->70->87->85->86->83->84->69->66->65->64->56->57->62->63->88->153->154->89->90->91->94->96->97->99->98->95->92->93->166->108->107->106->105->165->163->100->101->104->114->109->110->115->116->136->137->147->148->149->161->14->13->17->32->158->36->157->41->155->42->45->44->46->47->48->168->3->4->5->133->169->111->112->132->143->144->146->145->15->159->16->35->24
3582,0.98,28963.9,0.49845,0,24->25->150->160->151->152->142->141->134->131->113->164->127->126->125->124->121->120->122->123->162->102->103->117->118->119->129->128->130->135->138->139->140->6->7->8->9->10->76->74->75->11->12->18->19->20->21->22->23->26->27->28->29->30->31->33->34->156->40->39->38->37->49->170->73->77->1->2->0->81->80->79->82->78->72->71->60->50->51->52->53->43->55->54->58->59->61->68->67->167->70->87->85->86->83->84->69->66->65->64->56->57->62->63->88->153->154->89->90->91->94->96->97->99->98->95->92->93->166->108->107->106->105->165->163->100->101->104->114->109->110->115->116->136->137->147->148->149->161->14->13->17->32->158->36->157->41->155->42->45->44->46->47->48->168->3->4->5->133->169->111->112->132->143->144->146->145->15->159->16->35->24
3582,0.98,29600.5,0.499216,0,24->25->150->160->151->152->142->141->134->131->113->164->127->126->125->124->121->120->122->123->162->102->103->117->118->119->129->128->130->135->138->139->140->6->7->8->9->10->76->74->75->11->12->18->19->20->21->22->23->26->27->28->29->30->31->33->34->156->40->39->38->37->49->170->73->77->1->2->0->81->80->79->82->78->72->71->60->50->51->52->53->43->55->54->58->59->61->68->67->167->70->87->85->86->83->84->69->66->65->64->56->57->62->63->88->153->154->89->90->91->94->96->97->99->98->95->92->93->166->108->107->106->105->165->163->100->101->104->114->109->110->115->116->136->137->147->148->149->161->14->13->17->32->158->36->157->41->155->42->45->44->46->47->48->168->3->4->5->133->169->111->112->132->143->144->146->145->15->159->16->35->24
3582,0.98,29167.2,0.491909,0,24->25->150->160->151->152->142->141->134->131->113->164->127->126->125->124->121->120->122->123->162->102->103->117->118->119->129->128->130->135->138->139->140->6->7->8->9->10->76->74->75->11->12->18->19->20->21->22->23->26->27->28->29->30->31->33->34->156->40->39->38->37->49->170->73->77->1->2->0->81->80->79->82->78->72->71->60->50->51->52->53->43->55->54->58->59->61->68->67->167->70->87->85->86->83->84->69->66->65->64->56->57->62->63->88->153->154->89->90->91->94->96->97->99->98->95->92->93->166->108->107->106->105->165->163->100->101->104->114->109->110->115->116->136->137->147->148->149->161->14->13->17->32->158->36->157->41->155->42->45->44->46->47->48->168->3->4->5->133->169->111->112->132->143->144->146->145->15->159->16->35->24
3582,0.98,29283.1,0.493864,0,24->25->150->160->151->152->142->141->134->131->113->164->127->126->125->124->121->120->122->123->162->102->103->117->118->119->129->128->130->135->138->139->140->6->7->8->9->10->76->74->75->11->12->18->19->20->21->22->23->26->27->28->29->30->31->33->34->156->40->39->38->37->49->170->73->77->1->2->0->81->80->79->82->78->72->71->60->50->51->52->53->43->55->54->58->59->61->68->67->167->70->87->85->86->83->84->69->66->65->64->56->57->62->63->88->153->154->89->90->91->94->96->97->99->98->95->92->93->166->108->107->106->105->165->163->100->101->104->114->109->110->115->116->136->137->147->148->149->161->14->13->17->32->158->36->157->41->155->42->45->44->46->47->48->168->3->4->5->133->169->111->112->132->143->144->146->145->15->159->16->35->24
3582,0.98,28720.8,0.494265,0,24->25->150->160->151->152->142->141->134->131->113->164->127->126->125->124->121->120->122->123->162->102->103->117->118->119->129->128->130->135->138->139->140->6->7->8->9->10->76->74->75->11->12->18->19->20->21->22->23->26->27->28->29->30->31->33->34->156->40->39->38->37->49->170->73->77->1->2->0->81->80->79->82->78->72->71->60->50->51->52->53->43->55->54->58->59->61->68->67->167->70->87->85->86->83->84->69->66->65->64->56->57->62->63->88->153->154->89->90->91->94->96->97->99->98->95->92->93->166->108->107->106->105->165->163->100->101->104->114->109->110->115->116->136->137->147->148->149->161->14->13->17->32->158->36->157->41->155->42->45->44->46->47->48->168->3->4->5->133->169->111->112->132->143->144->146->145->15->159->16->35->24
3582,0.98,29130.3,0.491286,0,24->25->150->160->151->152->142->141->134->131->113->164->127->126->125->124->121->120->122->123->162->102->103->117->118->119->129->128->130->135->138->139->140->6->7->8->9->10->76->74->75->11->12->18->19->20->21->22->23->26->27->28->29->30->31->33->34->156->40->39->38->37->49->170->73->77->1->2->0->81->80->79->82->78->72->71->60->50->51->52->53->43->55->54->58->59->61->68->67->167->70->87->85->86->83->84->69->66->65->64->56->57->62->63->88->153->154->89->90->91->94->96->97->99->98->95->92->93->166->108->107->106->105->165->163->100->101->104->114->109->110->115->116->136->137->147->148->149->161->14->13->17->32->158->36->157->41->155->42->45->44->46->47->48->168->3->4->5->133->169->111->112->132->143->144->146->145->15->159->16->35->24
3582,0.98,29575.5,0.498794,0,24->25->150->160->151->152->142->141->134->131->113->164->127->126->125->124->121->120->122->123->162->102->103->117->118->119->129->128->130->135->138->139->140->6->7->8->9->10->76->74->75->11->12->18->19->20->21->22->23->26->27->28->29->30->31->33->34->156->40->39->38->37->49->170->73->77->1->2->0->81->80->79->82->78->72->71->60->50->51->52->53->43->55->54->58->59->61->68->67->167->70->87->85->86->83->84->69->66->65->64->56->57->62->63->88->153->154->89->90->91->94->96->97->99->98->95->92->93->166->108->107->106->105->165->163->100->101->104->114->109->110->115->116->136->137->147->148->149->161->14->13->17->32->158->36->157->41->155->42->45->44->46->47->48->168->3->4->5->133->169->111->112->132->143->144->146->145->15->159->16->35->24
3582,0.98,29076.5,0.49038,0,24->25->150->160->151->152->142->141->134->131->113->164->127->126->125->124->121->120->122->123->162->102->103->117->118->119->129->128->130->135->138->139->140->6->7->8->9->10->76->74->75->11->12->18->19->20->21->22->23->26->27->28->29->30->31->33->34->156->40->39->38->37->49->170->73->77->1->2->0->81->80->79->82->78->72->71->60->50->51->52->53->43->55->54->58->59->61->68->67->167->70->87->85->86->83->84->69->66->65->64->56->57->62->63->88->153->154->89->90->91->94->96->97->99->98->95->92->93->166->108->107->106->105->165->163->100->101->104->114->109->110->115->116->136->137->147->148->149->161->14->13->17->32->158->36->157->41->155->42->45->44->46->47->48->168->3->4->5->133->169->111->112->132->143->144->146->145->15->159->16->35->24
3582,0.98,29170.1,0.491957,0,24->25->150->160->151->152->142->141->134->131->113->164->127->126->125->124->121->120->122->123->162->102->103->117->118->119->129->128->130->135->138->139->140->6->7->8->9->10->76->74->75->11->12->18->19->20->21->22->23->26->27->28->29->30->31->33->34->156->40->39->38->37->49->170->73->77->1->2->0->81->80->79->82->78->72->71->60->50->51->52->53->43->55->54->58->59->61->68->67->167->70->87->85->86->83->84->69->66->65->64->56->57->62->63->88->153->154->89->90->91->94->96->97->99->98->95->92->93->166->108->107->106->105->165->163->100->101->104->114->109->110->115->116->136->137->147->148->149->161->14->13->17->32->158->36->157->41->155->42->45->44->46->47->48->168->3->4->5->133->169->111->112->132->143->144->146->145->15->159->16->35->24
3582,0.995,28756.7,0.49868,0,24->25->150->160->151->152->142->141->134->131->113->164->127->126->125->124->121->120->122->123->162->102->103->117->118->119->129->128->130->135->138->139->140->6->7->8->9->10->76->74->75->11->12->18->19->20->21->22->23->26->27->28->29->30->31->33->34->156->40->39->38->37->49->170->73->77->1->2->0->81->80->79->82->78->72->71->60->50->51->52->53->43->55->54->58->59->61->68->67->167->70->87->85->86->83->84->69->66->65->64->56->57->62->63->88->153->154->89->90->91->94->96->97->99->98->95->92->93->166->108->107->106->105->165->163->100->101->104->114->109->110->115->116->136->137->147->148->149->161->14->13->17->32->158->36->157->41->155->42->45->44->46->47->48->168->3->4->5->133->169->111->112->132->143->144->146->145->15->159->16->35->24
3582,0.995,28416,0.497736,0,24->25->150->160->151->152->142->141->134->131->113->164->127->126->125->124->121->120->122->123->162->102->103->117->118->119->129->128->130->135->138->139->140->6->7->8->9->10->76->74->75->11->12->18->19->20->21->22->23->26->27->28->29->30->31->33->34->156->40->39->38->37->49->170->73->77->1->2->0->81->80->79->82->78->72->71->60->50->51->52->53->43->55->54->58->59->61->68->67->167->70->87->85->86->83->84->69->66->65->64->56->57->62->63->88->153->154->89->90->91->94->96->97->99->98->95->92->93->166->108->107->106->105->165->163->100->101->104->114->109->110->115->116->136->137->147->148->149->161->14->13->17->32->158->36->157->41->155->42->45->44->46->47->48->168->3->4->5->133->169->111->112->132->143->144->146->145->15->159->16->35->24
3582,0.995,28953.2,0.499577,0,24->25->150->160->151->152->142->141->134->131->113->164->127->126->125->124->121->120->122->123->162->102->103->117->118->119->129->128->130->135->138->139->140->6->7->8->9->10->76->74->75->11->12->18->19->20->21->22->23->26->27->28->29->30->31->33->34->156->40->39->38->37->49->170->73->77->1->2->0->81->80->79->82->78->72->71->60->50->51->52->53->43->55->54->58->59->61->68->67->167->70->87->85->86->83->84->69->66->65->64->56->57->62->63->88->153->154->89->90->91->94->96->97->99->98->95->92->93->166->108->107->106->105->165->163->100->101->104->114->109->110->115->116->136->137->147->148->149->161->14->13->17->32->158->36->157->41->155->42->45->44->46->47->48->168->3->4->5->133->169->111->112->132->143->144->146->145->15->159->16->35->24
3578,87846.1
3576,93658.6
3566,94116.6
3564,95520.8
3561,96872.7
3559,98214.2
3559,0.995,29069.5,0.499076,98214.2,25->150->161->160->151->152->7->8->9->2->3->4->5->133->169->112->113->114->107->106->105->100->101->102->103->163->99->98->90->88->153->87->92->94->165->164->127->126->125->128->130->135->138->139->134->131->132->111->110->109->108->166->83->84->69->66->65->56->62->61->68->67->167->70->85->86->93->91->154->89->95->96->97->104->115->116->117->118->119->121->122->123->162->120->124->129->146->145->140->141->6->142->149->148->144->143->147->137->136->0->81->80->79->82->78->72->71->50->51->59->60->52->53->43->54->58->57->63->64->55->42->41->155->156->34->35->157->33->31->32->158->36->38->39->40->45->44->46->47->48->49->170->168->73->77->1->14->15->159->13->21->22->16->17->18->19->37->75->10->76->74->11->12->20->29->30->28->27->26->23->24->25
3582,0.995,29453.6,0.498123,0,24->25->150->160->151->152->142->141->134->131->113->164->127->126->125->124->121->120->122->123->162->102->103->117->118->119->129->128->130->135->138->139->140->6->7->8->9->10->76->74->75->11->12->18->19->20->21->22->23->26->27->28->29->30->31->33->34->156->40->39->38->37->49->170->73->77->1->2->0->81->80->79->82->78->72->71->60->50->51->52->53->43->55->54->58->59->61->68->67->167->70->87->85->86->83->84->69->66->65->64->56->57->62->63->88->153->154->89->90->91->94->96->97->99->98->95->92->93->166->108->107->106->105->165->163->100->101->104->114->109->110->115->116->136->137->147->148->149->161->14->13->17->32->158->36->157->41->155->42->45->44->46->47->48->168->3->4->5->133->169->111->112->132->143->144->146->145->15->159->16->35->24
3582,0.995,29101.5,0.499625,0,24->25->150->160->151->152->142->141->134->131->113->164->127->126->125->124->121->120->122->123->162->102->103->117->118->119->129->128->130->135->138->139->140->6->7->8->9->10->76->74->75->11->12->18->19->20->21->22->23->26->27->28->29->30->31->33->34->156->40->39->38->37->49->170->73->77->1->2->0->81->80->79->82->78->72->71->60->50->51->52->53->43->55->54->58->59->61->68->67->167->70->87->85->86->83->84->69->66->65->64->56->57->62->63->88->153->154->89->90->91->94->96->97->99->98->95->92->93->166->108->107->106->105->165->163->100->101->104->114->109->110->115->116->136->137->147->148->149->161->14->13->17->32->158->36->157->41->155->42->45->44->46->47->48->168->3->4->5->133->169->111->112->132->143->144->146->145->15->159->16->35->24
3582,0.995,28767.1,0.498859,0,24->25->150->160->151->152->142->141->134->131->113->164->127->126->125->124->121->120->122->123->162->102->103->117->118->119->129->128->130->135->138->139->140->6->7->8->9->10->76->74->75->11->12->18->19->20->21->22->23->26->27->28->29->30->31->33->34->156->40->39->38->37->49->170->73->77->1->2->0->81->80->79->82->78->72->71->60->50->51->52->53->43->55->54->58->59->61->68->67->167->70->87->85->86->83->84->69->66->65->64->56->57->62->63->88->153->154->89->90->91->94->96->97->99->98->95->92->93->166->108->107->106->105->165->163->100->101->104->114->109->110->115->116->136->137->147->148->149->161->14->13->17->32->158->36->157->41->155->42->45->44->46->47->48->168->3->4->5->133->169->111->112->132->143->144->146->145->15->159->16->35->24
3582,0.995,28682.8,0.499896,0,24->25->150->160->151->152->142->141->134->131->113->164->127->126->125->124->121->120->122->123->162->102->103->117->118->119->129->128->130->135->138->139->140->6->7->8->9->10->76->74->75->11->12->18->19->20->21->22->23->26->27->28->29->30->31->33->34->156->40->39->38->37->49->170->73->77->1->2->0->81->80->79->82->78->72->71->60->50->51->52->53->43->55->54->58->59->61->68->67->167->70->87->85->86->83->84->69->66->65->64->56->57->62->63->88->153->154->89->90->91->94->96->97->99->98->95->92->93->166->108->107->106->105->165->163->100->101->104->114->109->110->115->116->136->137->147->148->149->161->14->13->17->32->158->36->157->41->155->42->45->44->46->47->48->168->3->4->5->133->169->111->112->132->143->144->146->145->15->159->16->35->24
3582,0.995,29074.8,0.499165,0,24->25->150->160->151->152->142->141->134->131->113->164->127->126->125->124->121->120->122->123->162->102->103->117->118->119->129->128->130->135->138->139->140->6->7->8->9->10->76->74->75->11->12->18->19->20->21->22->23->26->27->28->29->30->31->33->34->156->40->39->38->37->49->170->73->77->1->2->0->81->80->79->82->78->72->71->60->50->51->52->53->43->55->54->58->59->61->68->67->167->70->87->85->86->83->84->69->66->65->64->56->57->62->63->88->153->154->89->90->91->94->96->97->99->98->95->92->93->166->108->107->106->105->165->163->100->101->104->114->109->110->115->116->136->137->147->148->149->161->14->13->17->32->158->36->157->41->155->42->45->44->46->47->48->168->3->4->5->133->169->111->112->132->143->144->146->145->15->159->16->35->24
3582,0.995,28957.3,0.499647,0,24->25->150->160->151->152->142->141->134->131->113->164->127->126->125->124->121->120->122->123->162->102->103->117->118->119->129->128->130->135->138->139->140->6->7->8->9->10->76->74->75->11->12->18->19->20->21->22->23->26->27->28->29->30->31->33->34->156->40->39->38->37->49->170->73->77->1->2->0->81->80->79->82->78->72->71->60->50->51->52->53->43->55->54->58->59->61->68->67->167->70->87->85->86->83->84->69->66->65->64->56->57->62->63->88->153->154->89->90->91->94->96->97->99->98->95->92->93->166->108->107->106->105->165->163->100->101->104->114->109->110->115->116->136->137->147->148->149->161->14->13->17->32->158->36->157->41->155->42->45->44->46->47->48->168->3->4->5->133->169->111->112->132->143->144->146->145->15->159->16->35->24
3562,147058
3554,147236
3552,147397
3532,149857
3532,0.997,28801.3,0.498898,149857,111->110->114->109->108->83->84->69->85->71->60->51->52->53->43->55->42->41->155->156->40->39->38->37->32->158->36->157->33->31->34->35->45->44->46->47->48->73->77->1->2->0->14->151->160->161->152->142->6->7->8->9->10->76->74->75->11->12->13->21->22->23->24->15->159->16->17->18->19->20->29->30->28->27->26->25->150->149->148->147->136->128->115->116->118->119->120->121->122->162->123->101->100->102->103->117->124->129->146->145->144->143->137->138->139->140->141->134->131->113->127->126->125->163->99->98->95->94->93->92->91->154->90->89->88->153->70->67->65->56->54->58->59->50->49->170->168->72->78->82->79->81->80->61->68->66->63->64->57->62->167->87->86->166->107->106->105->96->97->165->104->164->130->135->132->133->169->3->4->5->112->111
3581,158547
3573,158547
3557,158547
3493,159063
3489,159063
3488,159294
3486,159294
3474,159294
3467,159391
3448,159391
3439,159484
3432,160610
3426,164794
3424,164794
3412,164940
3409,166764
3405,168519
3395,168519
3395,0.997,29145.5,0.498829,168519,146->145->144->143->142->152->151->160->150->161->15->159->16->29->22->23->26->27->28->30->31->33->34->39->38->40->45->46->52->53->43->44->47->48->51->59->60->50->168->72->78->82->79->80->81->0->3->4->9->5->169->112->133->6->7->8->14->13->17->21->32->158->36->157->35->156->155->41->42->55->54->58->57->62->68->67->69->167->70->87->85->86->83->84->71->61->66->63->64->56->65->88->153->93->108->166->92->154->89->90->91->94->127->126->125->118->119->124->121->120->122->123->162->101->100->102->103->114->164->131->111->2->1->77->73->170->49->37->75->11->10->76->74->12->18->19->20->24->25->149->148->147->137->136->129->128->130->135->138->139->140->141->134->132->110->109->107->106->105->163->99->98->95->96->97->165->104->113->115->116->117->146
3580,207552
3579,207836
3577,207943
3572,207943
3568,208004
3561,208060
3560,208915
3553,209175
3547,209175
3546,210599
3543,211333
3538,212013
3526,212013
3522,218494
3520,218494
3518,218494
3518,0.998,28989.9,2.39988,218494,92->154->89->90->91->94->96->165->163->99->103->117->118->119->124->129->146->145->144->143->147->128->169->111->3->4->5->133->134->131->113->115->116->120->121->122->162->123->101->100->102->104->114->127->126->125->136->138->139->140->141->6->7->8->9->2->81->80->79->82->78->72->170->73->75->10->76->74->11->12->18->19->20->32->158->36->157->35->34->156->44->45->46->47->48->51->66->63->64->56->57->62->65->88->153->87->86->107->106->105->98->95->97->164->130->135->137->148->149->161->152->142->13->17->21->22->23->27->26->24->15->25->150->160->151->14->159->16->29->28->30->31->33->54->58->59->61->68->67->167->70->69->85->83->84->71->60->50->52->53->43->55->42->41->155->40->39->38->37->49->168->77->1->0->112->132->110->109->108->166->93->92
3582,0.9978,28770.2,1.18928,0,24->25->150->160->151->152->142->141->134->131->113->164->127->126->125->124->121->120->122->123->162->102->103->117->118->119->129->128->130->135->138->139->140->6->7->8->9->10->76->74->75->11->12->18->19->20->21->22->23->26->27->28->29->30->31->33->34->156->40->39->38->37->49->170->73->77->1->2->0->81->80->79->82->78->72->71->60->50->51->52->53->43->55->54->58->59->61->68->67->167->70->87->85->86->83->84->69->66->65->64->56->57->62->63->88->153->154->89->90->91->94->96->97->99->98->95->92->93->166->108->107->106->105->165->163->100->101->104->114->109->110->115->116->136->137->147->148->149->161->14->13->17->32->158->36->157->41->155->42->45->44->46->47->48->168->3->4->5->133->169->111->112->132->143->144->146->145->15->159->16->35->24
3577,177325
3568,177325
3544,179077
3527,179077
3523,179077
3520,179077
3514,187373
3504,187564
3493,187616
3491,187616
3485,187789
3484,188650
3484,0.9975,28608.3,0.499205,188650,12->18->19->20->49->73->77->1->2->0->81->3->9->4->5->169->111->112->133->134->164->127->126->125->128->138->139->140->141->131->132->110->109->108->166->83->84->69->67->85->86->92->91->154->90->89->88->153->87->93->107->106->105->97->113->115->116->117->118->102->119->124->120->121->122->162->123->101->100->103->163->99->98->95->94->96->165->104->114->130->135->136->137->129->146->145->144->143->147->148->149->161->152->142->6->7->8->15->159->16->32->158->36->157->33->31->30->29->28->27->26->23->24->25->150->160->151->14->13->17->21->22->10->76->74->37->170->168->82->79->80->78->72->71->51->52->53->43->55->54->58->59->60->68->167->70->66->65->64->56->57->62->61->63->42->41->155->156->34->35->40->44->45->46->47->48->50->38->39->75->11->12
3582,0.9975,29197.5,0.499386,0,24->25->150->160->151->152->142->141->134->131->113->164->127->126->125->124->121->120->122->123->162->102->103->117->118->119->129->128->130->135->138->139->140->6->7->8->9->10->76->74->75->11->12->18->19->20->21->22->23->26->27->28->29->30->31->33->34->156->40->39->38->37->49->170->73->77->1->2->0->81->80->79->82->78->72->71->60->50->51->52->53->43->55->54->58->59->61->68->67->167->70->87->85->86->83->84->69->66->65->64->56->57->62->63->88->153->154->89->90->91->94->96->97->99->98->95->92->93->166->108->107->106->105->165->163->100->101->104->114->109->110->115->116->136->137->147->148->149->161->14->13->17->32->158->36->157->41->155->42->45->44->46->47->48->168->3->4->5->133->169->111->112->132->143->144->146->145->15->159->16->35->24
3582,0.9975,29316.5,0.498917,0,24->25->150->160->151->152->142->141->134->131->113->164->127->126->125->124->121->120->122->123->162->102->103->117->118->119->129->128->130->135->138->139->140->6->7->8->9->10->76->74->75->11->12->18->19->20->21->22->23->26->27->28->29->30->31->33->34->156->40->39->38->37->49->170->73->77->1->2->0->81->80->79->82->78->72->71->60->50->51->52->53->43->55->54->58->59->61->68->67->167->70->87->85->86->83->84->69->66->65->64->56->57->62->63->88->153->154->89->90->91->94->96->97->99->98->95->92->93->166->108->107->106->105->165->163->100->101->104->114->109->110->115->116->136->137->147->148->149->161->14->13->17->32->158->36->157->41->155->42->45->44->46->47->48->168->3->4->5->133->169->111->112->132->143->144->146->145->15->159->16->35->24
3572,136378
3565,142085
3547,142392
3540,142756
3534,142808
3524,142897
3520,143236
3511,143236
3500,143236
3497,143625
3495,143764
3485,143764
3474,148170
3454,148258
3452,149404
3452,0.9975,29048.3,0.499326,149404,59->60->68->167->70->69->67->63->64->56->55->54->58->57->62->61->66->65->88->153->154->89->90->87->86->85->84->71->50->49->37->75->10->76->74->11->12->13->17->29->30->28->27->26->23->22->24->25->14->15->159->16->18->19->20->21->32->158->36->157->31->33->34->156->40->46->47->170->168->72->73->77->78->82->79->80->81->0->1->2->3->115->116->117->118->119->124->129->128->135->136->147->148->149->150->161->160->151->152->142->131->113->130->132->133->169->111->112->164->127->126->125->146->145->144->143->137->138->139->140->141->134->6->7->8->9->4->5->110->107->106->105->97->95->94->166->93->92->91->96->99->100->101->162->123->122->121->120->102->103->163->98->165->104->114->109->108->83->51->52->53->43->44->39->38->35->155->41->42->45->48->59
3582,0.9975,29160.3,0.5,0,24->25->150->160->151->152->142->141->134->131->113->164->127->126->125->124->121->120->122->123->162->102->103->117->118->119->129->128->130->135->138->139->140->6->7->8->9->10->76->74->75->11->12->18->19->20->21->22->23->26->27->28->29->30->31->33->34->156->40->39->38->37->49->170->73->77->1->2->0->81->80->79->82->78->72->71->60->50->51->52->53->43->55->54->58->59->61->68->67->167->70->87->85->86->83->84->69->66->65->64->56->57->62->63->88->153->154->89->90->91->94->96->97->99->98->95->92->93->166->108->107->106->105->165->163->100->101->104->114->109->110->115->116->136->137->147->148->149->161->14->13->17->32->158->36->157->41->155->42->45->44->46->47->48->168->3->4->5->133->169->111->112->132->143->144->146->145->15->159->16->35->24
3573,141517
3564,143369
3554,143369
3550,143414
3543,143414
3536,147450
3526,147532
3522,147575
3506,147575
3504,148625
3496,150847
3496,0.9975,28995.8,0.499674,150847,47->48->51->59->60->167->70->69->85->93->166->107->106->105->99->100->101->124->129->136->137->147->146->145->144->143->142->6->152->14->13->17->22->23->24->15->159->16->18->19->20->158->32->36->37->75->11->12->21->28->27->26->25->150->148->149->161->160->151->7->8->9->10->76->74->29->30->31->33->155->41->42->49->170->168->72->73->77->78->82->79->80->81->0->1->2->115->116->117->118->128->135->138->139->140->141->134->131->132->3->4->5->111->112->164->127->126->125->119->120->121->122->123->162->102->103->163->98->95->94->96->97->165->104->114->113->130->133->169->110->109->108->92->91->154->90->89->88->153->87->86->83->84->71->50->52->43->54->58->57->62->61->68->67->66->63->65->64->56->55->53->44->45->40->39->38->35->157->34->156->46->47
3582,0.9975,28827.9,0.499274,0,24->25->150->160->151->152->142->141->134->131->113->164->127->126->125->124->121->120->122->123->162->102->103->117->118->119->129->128->130->135->138->139->140->6->7->8->9->10->76->74->75->11->12->18->19->20->21->22->23->26->27->28->29->30->31->33->34->156->40->39->38->37->49->170->73->77->1->2->0->81->80->79->82->78->72->71->60->50->51->52->53->43->55->54->58->59->61->68->67->167->70->87->85->86->83->84->69->66->65->64->56->57->62->63->88->153->154->89->90->91->94->96->97->99->98->95->92->93->166->108->107->106->105->165->163->100->101->104->114->109->110->115->116->136->137->147->148->149->161->14->13->17->32->158->36->157->41->155->42->45->44->46->47->48->168->3->4->5->133->169->111->112->132->143->144->146->145->15->159->16->35->24
3582,0.9975,29041,0.499202,0,24->25->150->160->151->152->142->141->134->131->113->164->127->126->125->124->121->120->122->123->162->102->103->117->118->119->129->128->130->135->138->139->140->6->7->8->9->10->76->74->75->11->12->18->19->20->21->22->23->26->27->28->29->30->31->33->34->156->40->39->38->37->49->170->73->77->1->2->0->81->80->79->82->78->72->71->60->50->51->52->53->43->55->54->58->59->61->68->67->167->70->87->85->86->83->84->69->66->65->64->56->57->62->63->88->153->154->89->90->91->94->96->97->99->98->95->92->93->166->108->107->106->105->165->163->100->101->104->114->109->110->115->116->136->137->147->148->149->161->14->13->17->32->158->36->157->41->155->42->45->44->46->47->48->168->3->4->5->133->169->111->112->132->143->144->146->145->15->159->16->35->24
3582,0.9975,29165.7,0.498841,0,24->25->150->160->151->152->142->141->134->131->113->164->127->126->125->124->121->120->122->123->162->102->103->117->118->119->129->128->130->135->138->139->140->6->7->8->9->10->76->74->75->11->12->18->19->20->21->22->23->26->27->28->29->30->31->33->34->156->40->39->38->37->49->170->73->77->1->2->0->81->80->79->82->78->72->71->60->50->51->52->53->43->55->54->58->59->61->68->67->167->70->87->85->86->83->84->69->66->65->64->56->57->62->63->88->153->154->89->90->91->94->96->97->99->98->95->92->93->166->108->107->106->105->165->163->100->101->104->114->109->110->115->116->136->137->147->148->149->161->14->13->17->32->158->36->157->41->155->42->45->44->46->47->48->168->3->4->5->133->169->111->112->132->143->144->146->145->15->159->16->35->24
3576,146035
3560,146120
3555,146774
3550,147713
3548,147921
3548,0.9975,28701,0.49957,147921,45->44->43->57->62->61->63->64->56->55->54->58->59->60->68->69->67->66->65->88->153->85->166->107->106->105->97->98->95->165->164->127->126->125->124->129->146->145->143->142->134->131->113->115->116->117->118->119->135->138->139->140->141->6->7->8->14->15->159->16->17->19->20->37->49->73->77->1->2->110->109->84->167->70->87->86->93->92->91->154->89->90->94->96->163->99->100->101->123->162->122->121->120->102->103->104->114->108->83->71->50->51->52->53->46->47->48->170->168->72->78->82->79->80->81->5->149->148->144->147->137->136->128->130->132->111->112->133->169->0->3->4->9->10->76->74->75->11->12->18->32->158->36->157->33->34->156->155->40->39->38->35->28->27->26->23->22->24->25->150->161->160->152->151->13->21->29->30->31->41->42->45
